,text_path,text,image_path
0,OCR_data_small/e2fa3347-f096-44ec-9951-5b9531795543.txt,奇蹟,OCR_data_small/e2fa3347-f096-44ec-9951-5b9531795543.png
1,OCR_data_small/501d19f5-280a-465d-a699-62445cf6e8b6.txt,萬歲,OCR_data_small/501d19f5-280a-465d-a699-62445cf6e8b6.png
2,OCR_data_small/4e0ed815-9844-4222-9856-6855fefb8cbc.txt,拜年,OCR_data_small/4e0ed815-9844-4222-9856-6855fefb8cbc.png
3,OCR_data_small/b80e24f2-1094-4775-966c-567069e7d149.txt,1年02/10、06,OCR_data_small/b80e24f2-1094-4775-966c-567069e7d149.png
4,OCR_data_small/447df343-e06d-4659-801a-39da18bdb290.txt,上庠。舊時稱秀才科舉,OCR_data_small/447df343-e06d-4659-801a-39da18bdb290.png
5,OCR_data_small/e90c772a-4dd8-423a-a7ae-7c0a48a19ea7.txt,。」粗獷砂獷獸體型巨,OCR_data_small/e90c772a-4dd8-423a-a7ae-7c0a48a19ea7.png
6,OCR_data_small/748e3978-1adf-4ea4-abdd-eb20fba7439b.txt,好受,OCR_data_small/748e3978-1adf-4ea4-abdd-eb20fba7439b.png
7,OCR_data_small/6771c6f3-368c-4307-b70f-083ed93ba32f.txt,牛肉串還有蛋卷。螃蟹,OCR_data_small/6771c6f3-368c-4307-b70f-083ed93ba32f.png
8,OCR_data_small/89c40171-8b42-45dc-a687-43c4e1f870d9.txt,高中,OCR_data_small/89c40171-8b42-45dc-a687-43c4e1f870d9.png
9,OCR_data_small/b4ec82d9-a315-48af-be4f-5516f43997a3.txt,面挨家逐戶過。叫門時,OCR_data_small/b4ec82d9-a315-48af-be4f-5516f43997a3.png
10,OCR_data_small/00453cb6-5ea8-4988-aa93-dcb8e29719ec.txt,乳突鑿開手術，民國1,OCR_data_small/00453cb6-5ea8-4988-aa93-dcb8e29719ec.png
11,OCR_data_small/1d15cd38-d9a5-4769-bedd-11ce20b048cb.txt,罰輕，德秀狂僭悖謬，,OCR_data_small/1d15cd38-d9a5-4769-bedd-11ce20b048cb.png
12,OCR_data_small/d8bd33f8-d341-4cdb-9389-c71fa9c24659.txt,05月06日；111,OCR_data_small/d8bd33f8-d341-4cdb-9389-c71fa9c24659.png
13,OCR_data_small/78b61ccb-6a78-4105-a758-752f416a03fc.txt,〈倦夜〉詩：「重露成,OCR_data_small/78b61ccb-6a78-4105-a758-752f416a03fc.png
14,OCR_data_small/f1473a18-20b8-41fe-94d6-3813502aa4b3.txt,模仿,OCR_data_small/f1473a18-20b8-41fe-94d6-3813502aa4b3.png
15,OCR_data_small/d5189fb0-f03c-4aee-8346-3348248cd472.txt,宣告,OCR_data_small/d5189fb0-f03c-4aee-8346-3348248cd472.png
16,OCR_data_small/3baa85fb-a898-44ea-964e-dc2674ad5a7f.txt,寶石,OCR_data_small/3baa85fb-a898-44ea-964e-dc2674ad5a7f.png
17,OCR_data_small/ca9d90ed-80eb-472b-8c66-a10054f148b4.txt,其他,OCR_data_small/ca9d90ed-80eb-472b-8c66-a10054f148b4.png
18,OCR_data_small/70874e46-474b-496a-925b-d09b01816f49.txt,二級漢字蚩吻（傳說中,OCR_data_small/70874e46-474b-496a-925b-d09b01816f49.png
19,OCR_data_small/ef2a086a-efe3-4bc9-b9d6-6198a70b67ca.txt,」「近降赦恩，謀反大,OCR_data_small/ef2a086a-efe3-4bc9-b9d6-6198a70b67ca.png
20,OCR_data_small/57cc6196-183a-4b0f-9fdb-8190c78ff6f6.txt,，和史大姑娘下棋呢，,OCR_data_small/57cc6196-183a-4b0f-9fdb-8190c78ff6f6.png
21,OCR_data_small/fad2fa1b-4e1f-4fe9-865d-cfcf24f7849c.txt,於門診追蹤診療。(以,OCR_data_small/fad2fa1b-4e1f-4fe9-865d-cfcf24f7849c.png
22,OCR_data_small/21650b1a-7920-40e6-bb2b-82450f744537.txt,「涕淚滂沱」。水灣，,OCR_data_small/21650b1a-7920-40e6-bb2b-82450f744537.png
23,OCR_data_small/dd50705f-fe52-47e0-a2b2-eae479c1fc95.txt,邇舜好問，而好察邇言,OCR_data_small/dd50705f-fe52-47e0-a2b2-eae479c1fc95.png
24,OCR_data_small/89b1c5e4-87e5-4fae-b800-93825fa45a5e.txt,2日接受腹腔鏡胃空腸,OCR_data_small/89b1c5e4-87e5-4fae-b800-93825fa45a5e.png
25,OCR_data_small/c57b6a1d-1ef1-4e70-9ecf-1e94f094afde.txt,那光芒空調房裏不時吹,OCR_data_small/c57b6a1d-1ef1-4e70-9ecf-1e94f094afde.png
26,OCR_data_small/bb855b6f-4372-44cf-9f21-3bfbcb5893c9.txt,說，還是帶著平常那種,OCR_data_small/bb855b6f-4372-44cf-9f21-3bfbcb5893c9.png
27,OCR_data_small/e03219e0-4cdf-4bb7-87c4-d588b0092f55.txt,年08月30日12時,OCR_data_small/e03219e0-4cdf-4bb7-87c4-d588b0092f55.png
28,OCR_data_small/b0af7b5a-36c5-4829-bdee-3d7b31045268.txt,糊。孫權生得方頤大口,OCR_data_small/b0af7b5a-36c5-4829-bdee-3d7b31045268.png
29,OCR_data_small/5ba539c6-a7b1-4fcb-a31b-837fd9feb3a7.txt,忠（董忠）方講兵都肄,OCR_data_small/5ba539c6-a7b1-4fcb-a31b-837fd9feb3a7.png
30,OCR_data_small/ef31e3db-12a7-416d-adf2-6e87767fc432.txt, Bar Kaori,OCR_data_small/ef31e3db-12a7-416d-adf2-6e87767fc432.png
31,OCR_data_small/bb3250f5-6b68-4e52-a377-80ea2544b4cb.txt,的酒靨。那少女約莫十,OCR_data_small/bb3250f5-6b68-4e52-a377-80ea2544b4cb.png
32,OCR_data_small/395a7588-c6b2-43e1-8b3a-8eb744801ee0.txt,司沱河，古稱洨水，今,OCR_data_small/395a7588-c6b2-43e1-8b3a-8eb744801ee0.png
33,OCR_data_small/f28895b5-bd07-4036-8c82-c7711c4fc378.txt,甄氏為世子執箕帚。帚,OCR_data_small/f28895b5-bd07-4036-8c82-c7711c4fc378.png
34,OCR_data_small/e366502d-350a-43b3-a76c-7055db24e01e.txt,門診治療(以下空白),OCR_data_small/e366502d-350a-43b3-a76c-7055db24e01e.png
35,OCR_data_small/bd8a12f8-7c04-4e35-98b2-e373bb4b0cd4.txt,上海體育館等建築物。,OCR_data_small/bd8a12f8-7c04-4e35-98b2-e373bb4b0cd4.png
36,OCR_data_small/e038f8ba-51b4-43ef-9cf0-07fda13fec78.txt,的女官。「以備嬪嬙，,OCR_data_small/e038f8ba-51b4-43ef-9cf0-07fda13fec78.png
37,OCR_data_small/957f9828-9d71-4948-a477-9d45450039ee.txt,身漯漯，唏然時寒。 ,OCR_data_small/957f9828-9d71-4948-a477-9d45450039ee.png
38,OCR_data_small/6c4e9471-3119-4794-8e8c-787a49abc251.txt,黎明,OCR_data_small/6c4e9471-3119-4794-8e8c-787a49abc251.png
39,OCR_data_small/e8763a7a-010f-43d8-a7d4-ffbb837f23e9.txt,因以上病因於2022,OCR_data_small/e8763a7a-010f-43d8-a7d4-ffbb837f23e9.png
40,OCR_data_small/02b0ad28-9dcc-44a8-bd3b-e3cc3c3652b0.txt,廢。故址在今山東泗水,OCR_data_small/02b0ad28-9dcc-44a8-bd3b-e3cc3c3652b0.png
41,OCR_data_small/7754e136-e025-4f9b-a9cb-85a2e40ca2ac.txt,護病房住院治療，住院,OCR_data_small/7754e136-e025-4f9b-a9cb-85a2e40ca2ac.png
42,OCR_data_small/52171868-086e-46c9-83e7-11ae50c7101f.txt, 【輜騎】輜車(外面,OCR_data_small/52171868-086e-46c9-83e7-11ae50c7101f.png
43,OCR_data_small/318544ad-a70d-4951-95c8-a9627701a6d5.txt,崆峒”平涼崆峒文化旅,OCR_data_small/318544ad-a70d-4951-95c8-a9627701a6d5.png
44,OCR_data_small/8745b392-e06e-443e-a58b-606c0f678a9c.txt,也是沒法，只得板著臉,OCR_data_small/8745b392-e06e-443e-a58b-606c0f678a9c.png
45,OCR_data_small/39e7b7ba-e614-432f-ac33-002d639b7d40.txt,懿行台灣惠蓀咖啡 陽,OCR_data_small/39e7b7ba-e614-432f-ac33-002d639b7d40.png
46,OCR_data_small/207a7ca8-b29b-485d-8c18-7e17d0581dc3.txt,惡稔罪盈時和歲稔歲稔,OCR_data_small/207a7ca8-b29b-485d-8c18-7e17d0581dc3.png
47,OCR_data_small/a4720fc5-2af8-41bc-ae53-cb49822fc120.txt,泉淙淙若風雨，桂花松,OCR_data_small/a4720fc5-2af8-41bc-ae53-cb49822fc120.png
48,OCR_data_small/643f8dd3-c537-4c95-8cb5-969c6c48b22a.txt,應的防護方法貧鈾是反,OCR_data_small/643f8dd3-c537-4c95-8cb5-969c6c48b22a.png
49,OCR_data_small/8a632bce-fb0f-42e6-a14c-539eb666c49e.txt,剔除,OCR_data_small/8a632bce-fb0f-42e6-a14c-539eb666c49e.png
50,OCR_data_small/0a4e31f2-3053-4aaf-bca1-02d64df0f923.txt,"工氏侵陵諸侯,與高辛",OCR_data_small/0a4e31f2-3053-4aaf-bca1-02d64df0f923.png
51,OCR_data_small/0a1b3565-2927-476c-b9eb-6a6ba2b354ce.txt,命令或告誡。[例]希,OCR_data_small/0a1b3565-2927-476c-b9eb-6a6ba2b354ce.png
52,OCR_data_small/18444b82-91d2-48f2-9b40-4eb767491b63.txt,矓鳥過性意識矇矓是烹,OCR_data_small/18444b82-91d2-48f2-9b40-4eb767491b63.png
53,OCR_data_small/4c605a4a-d8b0-4c0e-b0b1-c0e541c177df.txt,四川省雙流縣東瞿上城,OCR_data_small/4c605a4a-d8b0-4c0e-b0b1-c0e541c177df.png
54,OCR_data_small/8b211272-3f38-42fb-ad43-547ad9446a30.txt,抗議,OCR_data_small/8b211272-3f38-42fb-ad43-547ad9446a30.png
55,OCR_data_small/1e80ec0b-ac83-45a8-bc46-f1561adf79e4.txt,"4月13日,111年",OCR_data_small/1e80ec0b-ac83-45a8-bc46-f1561adf79e4.png
56,OCR_data_small/6654d032-140d-46fc-b657-0fd71c51d2a0.txt,瞑目死也瞑目死亦瞑目,OCR_data_small/6654d032-140d-46fc-b657-0fd71c51d2a0.png
57,OCR_data_small/db5f0d30-328c-4129-8da7-227a343d88e1.txt,這邊,OCR_data_small/db5f0d30-328c-4129-8da7-227a343d88e1.png
58,OCR_data_small/ebf00bdf-5a88-4525-8189-2a7289e6fae5.txt,，武陽鄉也。鄱陽人也,OCR_data_small/ebf00bdf-5a88-4525-8189-2a7289e6fae5.png
59,OCR_data_small/edd911e2-ff68-4439-b4b0-9184590d946f.txt,就盛開著兩朵雙犄牡丹,OCR_data_small/edd911e2-ff68-4439-b4b0-9184590d946f.png
60,OCR_data_small/69430258-aaf8-4689-b7e7-1e1a9bcb74c0.txt,，可不是終身之玷！始,OCR_data_small/69430258-aaf8-4689-b7e7-1e1a9bcb74c0.png
61,OCR_data_small/8b9fa627-8334-4896-ac4f-3400fb165edb.txt,，令吾間必索知之。令,OCR_data_small/8b9fa627-8334-4896-ac4f-3400fb165edb.png
62,OCR_data_small/2ebd68cb-8dc3-4419-ac05-a37cce176410.txt,逐春風上下狂況僕本恨,OCR_data_small/2ebd68cb-8dc3-4419-ac05-a37cce176410.png
63,OCR_data_small/2047ceaf-4398-45a9-99ac-3620c58fcf80.txt,有理,OCR_data_small/2047ceaf-4398-45a9-99ac-3620c58fcf80.png
64,OCR_data_small/c86324f0-315c-4211-8f03-9af7e23be703.txt,右側輸尿管結石併腎水,OCR_data_small/c86324f0-315c-4211-8f03-9af7e23be703.png
65,OCR_data_small/ea6d476e-21ff-4a17-9884-a8a50404e33e.txt,年8月31日、111,OCR_data_small/ea6d476e-21ff-4a17-9884-a8a50404e33e.png
66,OCR_data_small/87ffaf44-8d1b-4140-a7da-b98dd2067cca.txt,19日住院接受治療，,OCR_data_small/87ffaf44-8d1b-4140-a7da-b98dd2067cca.png
67,OCR_data_small/df8b2917-865d-469b-a811-85e914a2af5a.txt,）。花淅系列| 六福,OCR_data_small/df8b2917-865d-469b-a811-85e914a2af5a.png
68,OCR_data_small/f5e2293e-c48d-4a15-a121-c6a5b18d966b.txt,滅亡,OCR_data_small/f5e2293e-c48d-4a15-a121-c6a5b18d966b.png
69,OCR_data_small/67833d66-4a0b-4a83-9a52-5cf76c62f8b8.txt,稷事稷與黍，一類二種,OCR_data_small/67833d66-4a0b-4a83-9a52-5cf76c62f8b8.png
70,OCR_data_small/d916d3b3-ae1d-4072-9430-f5b64dc46ae8.txt,馬桶,OCR_data_small/d916d3b3-ae1d-4072-9430-f5b64dc46ae8.png
71,OCR_data_small/4e6e8bd4-e06d-4ed9-a275-358d9286c6b1.txt,飴甥會秦伯，盟於王城,OCR_data_small/4e6e8bd4-e06d-4ed9-a275-358d9286c6b1.png
72,OCR_data_small/4789325f-08d5-4110-b838-03cb51c6cba9.txt,止小舢板船涉魚和載客,OCR_data_small/4789325f-08d5-4110-b838-03cb51c6cba9.png
73,OCR_data_small/cd4beaa8-00f4-42a4-b772-b0be2915a233.txt,飢抄上幾十聯，也可以,OCR_data_small/cd4beaa8-00f4-42a4-b772-b0be2915a233.png
74,OCR_data_small/b064dfc1-142e-4957-ab1c-2285cff3e3fe.txt,病患因上述診斷，於2,OCR_data_small/b064dfc1-142e-4957-ab1c-2285cff3e3fe.png
75,OCR_data_small/95034487-d162-4e2d-97d9-a7118f4b58fb.txt,覺察本身高聲說了出來,OCR_data_small/95034487-d162-4e2d-97d9-a7118f4b58fb.png
76,OCR_data_small/4e05700d-8caa-4eef-83aa-afbe9d6a1ac2.txt,位子,OCR_data_small/4e05700d-8caa-4eef-83aa-afbe9d6a1ac2.png
77,OCR_data_small/c0ab22ea-805b-4f31-bb99-f197e01933b6.txt,滅亡,OCR_data_small/c0ab22ea-805b-4f31-bb99-f197e01933b6.png
78,OCR_data_small/c1394f73-1ef8-469e-9726-4ff35078acb4.txt,化妝,OCR_data_small/c1394f73-1ef8-469e-9726-4ff35078acb4.png
79,OCR_data_small/66404aaf-b146-4b6f-a1b8-210a00b266bc.txt,於2022/04/2,OCR_data_small/66404aaf-b146-4b6f-a1b8-210a00b266bc.png
80,OCR_data_small/e1393863-f54c-4029-8bd3-28b03e01e03d.txt,嚶嚶隔花弄。」牠時常,OCR_data_small/e1393863-f54c-4029-8bd3-28b03e01e03d.png
81,OCR_data_small/cefceaff-bcc2-4067-a242-6e718b1f6b81.txt,不良,OCR_data_small/cefceaff-bcc2-4067-a242-6e718b1f6b81.png
82,OCR_data_small/bc04a960-f811-420a-863f-7daf3ea0c1ba.txt,小的塵灰渣滓她又不雜,OCR_data_small/bc04a960-f811-420a-863f-7daf3ea0c1ba.png
83,OCR_data_small/ac6a2107-95ab-48b4-893f-945a337cd51e.txt,療，共10次。並接受,OCR_data_small/ac6a2107-95ab-48b4-893f-945a337cd51e.png
84,OCR_data_small/5a7a9b37-5ad2-474a-aed2-345b348d29a2.txt,：從前，郭國的國君出,OCR_data_small/5a7a9b37-5ad2-474a-aed2-345b348d29a2.png
85,OCR_data_small/0eaee1a6-44c6-4643-9aff-791168827613.txt,轉又怏怏不樂。怏然自,OCR_data_small/0eaee1a6-44c6-4643-9aff-791168827613.png
86,OCR_data_small/2b27f28a-3471-4427-bc9d-0ce44fcd9baa.txt,矣。」 魯有儉者，瓦,OCR_data_small/2b27f28a-3471-4427-bc9d-0ce44fcd9baa.png
87,OCR_data_small/f3279d28-a3be-4dac-a9c7-e7ad3d97e8d8.txt,至本院門診掛號就診。,OCR_data_small/f3279d28-a3be-4dac-a9c7-e7ad3d97e8d8.png
88,OCR_data_small/ee5563af-b891-4aa6-8f48-43e9790b64b2.txt,了一天的雨，隔日倏地,OCR_data_small/ee5563af-b891-4aa6-8f48-43e9790b64b2.png
89,OCR_data_small/8723e610-2d8c-4012-b839-161350e66b1d.txt,仰,OCR_data_small/8723e610-2d8c-4012-b839-161350e66b1d.png
90,OCR_data_small/90c61f4a-89de-4379-bc46-4ef62b528c3d.txt,"學藥物治療,於民國1",OCR_data_small/90c61f4a-89de-4379-bc46-4ef62b528c3d.png
91,OCR_data_small/4e0a48af-f892-453e-bd33-d6205702aac1.txt,的江岸化成了一片皚白,OCR_data_small/4e0a48af-f892-453e-bd33-d6205702aac1.png
92,OCR_data_small/fc106a2d-32e4-4dc3-ac78-461a5953b793.txt,以前,OCR_data_small/fc106a2d-32e4-4dc3-ac78-461a5953b793.png
93,OCR_data_small/25141708-ec31-4372-8856-bffc159fef5e.txt,少數民族的泛稱老人。,OCR_data_small/25141708-ec31-4372-8856-bffc159fef5e.png
94,OCR_data_small/8a48b556-d47e-4d49-94e1-953f04dd55cf.txt,的銼刀。首先應對噴塗,OCR_data_small/8a48b556-d47e-4d49-94e1-953f04dd55cf.png
95,OCR_data_small/7bd9768d-0e0c-441a-bd15-89342d081645.txt,癌(以下空白)患者因,OCR_data_small/7bd9768d-0e0c-441a-bd15-89342d081645.png
96,OCR_data_small/78cd26aa-2728-4b18-921f-91d567730a7c.txt,琶樂器而名。你想找的,OCR_data_small/78cd26aa-2728-4b18-921f-91d567730a7c.png
97,OCR_data_small/43c9b5af-632d-49cd-b2fb-103bba524794.txt,然如磬手磬子朱弦玉磬,OCR_data_small/43c9b5af-632d-49cd-b2fb-103bba524794.png
98,OCR_data_small/211829c9-c8cb-4bc0-9cfd-6ea3d22d817a.txt,濫用,OCR_data_small/211829c9-c8cb-4bc0-9cfd-6ea3d22d817a.png
99,OCR_data_small/1003efba-600d-47f7-8061-803970bb18ab.txt,乎其太息之聲絃管無聲,OCR_data_small/1003efba-600d-47f7-8061-803970bb18ab.png
100,OCR_data_small/8b0b8854-6bf9-4e88-9543-dcbfd93df6d5.txt,下空白)臺北榮民總醫,OCR_data_small/8b0b8854-6bf9-4e88-9543-dcbfd93df6d5.png
101,OCR_data_small/acc24ec6-e687-43fa-bf5e-47574d512887.txt,作文,OCR_data_small/acc24ec6-e687-43fa-bf5e-47574d512887.png
102,OCR_data_small/d278e267-48cf-4ece-a081-304b7bdccbfe.txt,院腫瘤內科門診就診。,OCR_data_small/d278e267-48cf-4ece-a081-304b7bdccbfe.png
103,OCR_data_small/80db5d77-0d24-45fd-b675-ada9e9eb96a3.txt,能將鈽從核廢料分離出,OCR_data_small/80db5d77-0d24-45fd-b675-ada9e9eb96a3.png
104,OCR_data_small/1fec7949-dec9-4dcc-8429-60275057db62.txt,情的土壤所以提倡白話,OCR_data_small/1fec7949-dec9-4dcc-8429-60275057db62.png
105,OCR_data_small/e27fdc5a-57ea-415d-aed0-164e567abe08.txt,結論,OCR_data_small/e27fdc5a-57ea-415d-aed0-164e567abe08.png
106,OCR_data_small/2e16dda3-209d-4d38-8cc5-9cbf24e8dd09.txt,國紐約州西部的小山「,OCR_data_small/2e16dda3-209d-4d38-8cc5-9cbf24e8dd09.png
107,OCR_data_small/f412c04e-d031-425f-b8d9-5c4520bab64d.txt,狀物在尾端，故稱為「,OCR_data_small/f412c04e-d031-425f-b8d9-5c4520bab64d.png
108,OCR_data_small/b89b3e3e-fbfb-43ee-bb8e-c04bad30aa10.txt,也稱“濂學”。石濂，,OCR_data_small/b89b3e3e-fbfb-43ee-bb8e-c04bad30aa10.png
109,OCR_data_small/1d3491cd-5eab-4a21-b9bb-a78b31bd2f25.txt,為娣婦，娣婦謂長婦為,OCR_data_small/1d3491cd-5eab-4a21-b9bb-a78b31bd2f25.png
110,OCR_data_small/2bde5a56-9d73-4c12-a938-15d73c7d3501.txt,談論,OCR_data_small/2bde5a56-9d73-4c12-a938-15d73c7d3501.png
111,OCR_data_small/85689b8d-b5db-4253-beb0-17eccf859303.txt,一樣的粗硬。他們往椅,OCR_data_small/85689b8d-b5db-4253-beb0-17eccf859303.png
112,OCR_data_small/c174fa58-7177-417e-8dcf-7e7dcbbe6b9c.txt,瞌瞌打瞌睡「小娘子二,OCR_data_small/c174fa58-7177-417e-8dcf-7e7dcbbe6b9c.png
113,OCR_data_small/129e3827-4d28-4eaf-a356-8bba6dcafbbd.txt,張貼,OCR_data_small/129e3827-4d28-4eaf-a356-8bba6dcafbbd.png
114,OCR_data_small/17bf3630-161f-440a-a23f-43d63d766664.txt,2/09/03，於本,OCR_data_small/17bf3630-161f-440a-a23f-43d63d766664.png
115,OCR_data_small/2cc9fb1e-e5d3-412e-8535-909eebb315e0.txt,操七星劍、鯊魚劍、刺,OCR_data_small/2cc9fb1e-e5d3-412e-8535-909eebb315e0.png
116,OCR_data_small/f1b5e0b6-e7fd-4050-a30e-04f2773d37dc.txt,鷓鴣枕、翡翠匣、神絲,OCR_data_small/f1b5e0b6-e7fd-4050-a30e-04f2773d37dc.png
117,OCR_data_small/b637e10f-f897-4d44-993c-501e5301cdb2.txt,陣身亡歿。垂歿伯樂既,OCR_data_small/b637e10f-f897-4d44-993c-501e5301cdb2.png
118,OCR_data_small/bb1db417-c3d9-49ea-879d-12284694e6a0.txt,力學,OCR_data_small/bb1db417-c3d9-49ea-879d-12284694e6a0.png
119,OCR_data_small/efca07d1-d6c3-4206-be37-ff02dedc0a5c.txt,讓,OCR_data_small/efca07d1-d6c3-4206-be37-ff02dedc0a5c.png
120,OCR_data_small/35f87f98-aa37-4e91-9c5c-6889fef25872.txt,1年9月15日出院，,OCR_data_small/35f87f98-aa37-4e91-9c5c-6889fef25872.png
121,OCR_data_small/3e5645c1-2f67-4720-8ee8-510d528dd53b.txt,地主,OCR_data_small/3e5645c1-2f67-4720-8ee8-510d528dd53b.png
122,OCR_data_small/0e32cfb6-b923-4d35-8abd-387aa2d233ab.txt,黝賊平定。 黝黝桑柘,OCR_data_small/0e32cfb6-b923-4d35-8abd-387aa2d233ab.png
123,OCR_data_small/8a9a3ee2-4a40-4d27-b168-5a6319554c03.txt,燬熔燬燬犀衛侯更其名,OCR_data_small/8a9a3ee2-4a40-4d27-b168-5a6319554c03.png
124,OCR_data_small/7899715d-fde5-4174-ace1-78fe80527d2a.txt,南部,OCR_data_small/7899715d-fde5-4174-ace1-78fe80527d2a.png
125,OCR_data_small/c7420141-b4bd-4ea1-9164-d1a1a9933103.txt,．周南．葛覃》「葛之,OCR_data_small/c7420141-b4bd-4ea1-9164-d1a1a9933103.png
126,OCR_data_small/e81c72a3-417a-41aa-8055-3b0bcae8eccf.txt,插花,OCR_data_small/e81c72a3-417a-41aa-8055-3b0bcae8eccf.png
127,OCR_data_small/0fac5215-436c-4c1b-939f-cfe80595a00a.txt,名出色的小說作者褒人,OCR_data_small/0fac5215-436c-4c1b-939f-cfe80595a00a.png
128,OCR_data_small/b8d814d7-1c98-49c3-85c6-04605b1d2be5.txt,承包,OCR_data_small/b8d814d7-1c98-49c3-85c6-04605b1d2be5.png
129,OCR_data_small/9be98ae3-54b0-426a-9570-2ddca6aeec11.txt,鱔魚下萵菜萵氏普亞鳳,OCR_data_small/9be98ae3-54b0-426a-9570-2ddca6aeec11.png
130,OCR_data_small/1b9d6994-6549-4690-9bf5-7afbb311640f.txt,了。你不要藉機在這兒,OCR_data_small/1b9d6994-6549-4690-9bf5-7afbb311640f.png
131,OCR_data_small/6a831f91-f535-463a-91ff-a94cf4fda608.txt,"年06月08日,11",OCR_data_small/6a831f91-f535-463a-91ff-a94cf4fda608.png
132,OCR_data_small/adf7cd36-71e6-4185-b87d-3873ee6f9fbf.txt,隙，然而遂之，則是無,OCR_data_small/adf7cd36-71e6-4185-b87d-3873ee6f9fbf.png
133,OCR_data_small/22a3c949-6d05-4ac1-8a17-b0ed2b0452a4.txt,宣示,OCR_data_small/22a3c949-6d05-4ac1-8a17-b0ed2b0452a4.png
134,OCR_data_small/b8461bf2-2e55-4055-a9f2-7955e505ef25.txt,·沈約〈芳樹〉詩：「,OCR_data_small/b8461bf2-2e55-4055-a9f2-7955e505ef25.png
135,OCR_data_small/d77f8803-b32f-45ef-872a-86c1e3a881f7.txt,。若官司措置失當，及,OCR_data_small/d77f8803-b32f-45ef-872a-86c1e3a881f7.png
136,OCR_data_small/b6c9a786-89b4-4338-88b2-3c3871edc2aa.txt,一張戴有“腳鐐手銬、,OCR_data_small/b6c9a786-89b4-4338-88b2-3c3871edc2aa.png
137,OCR_data_small/b07299e3-fa63-4fdf-9585-f477178fe5bb.txt,統一,OCR_data_small/b07299e3-fa63-4fdf-9585-f477178fe5bb.png
138,OCR_data_small/ca14ac9b-af8a-4fb0-8a1f-839beca4f17f.txt,08月29日接受右眼,OCR_data_small/ca14ac9b-af8a-4fb0-8a1f-839beca4f17f.png
139,OCR_data_small/b74972a4-e14a-41b9-9978-38967d0d2eee.txt,開導,OCR_data_small/b74972a4-e14a-41b9-9978-38967d0d2eee.png
140,OCR_data_small/84ecb8b1-eaae-40e8-a102-6354debca4ca.txt,何事去人間。途窮事已,OCR_data_small/84ecb8b1-eaae-40e8-a102-6354debca4ca.png
141,OCR_data_small/6a0dd1f5-5bc3-46b8-b63c-1955a0f01e63.txt,天斡地指彷彿可以把天,OCR_data_small/6a0dd1f5-5bc3-46b8-b63c-1955a0f01e63.png
142,OCR_data_small/bb627fa3-aa5c-4ee3-b97a-2d1408dd39ac.txt,報導,OCR_data_small/bb627fa3-aa5c-4ee3-b97a-2d1408dd39ac.png
143,OCR_data_small/347c7128-a7f4-45a6-9434-ed009398027b.txt,突兀,OCR_data_small/347c7128-a7f4-45a6-9434-ed009398027b.png
144,OCR_data_small/222db685-4ca9-4e67-8bf8-ad63636a07f4.txt,三抱柞氏：下士八人，,OCR_data_small/222db685-4ca9-4e67-8bf8-ad63636a07f4.png
145,OCR_data_small/5c200de6-66f0-40aa-9e8d-7d84057b69d6.txt,成立,OCR_data_small/5c200de6-66f0-40aa-9e8d-7d84057b69d6.png
146,OCR_data_small/ae9d1625-ebf2-4a3c-89d9-ab3f39bc7cdb.txt,：猶豫不決「更若躊躕,OCR_data_small/ae9d1625-ebf2-4a3c-89d9-ab3f39bc7cdb.png
147,OCR_data_small/2620eb00-5312-4414-a346-fd76670c38ee.txt,夢，三曰思夢，四曰寤,OCR_data_small/2620eb00-5312-4414-a346-fd76670c38ee.png
148,OCR_data_small/cdb0a8b6-32ad-40ec-9856-473131dbc5ac.txt,八個人，一個個窮得嗤,OCR_data_small/cdb0a8b6-32ad-40ec-9856-473131dbc5ac.png
149,OCR_data_small/7303e813-52ec-40d5-9e60-6cad3700cf0f.txt,月25日09時18分,OCR_data_small/7303e813-52ec-40d5-9e60-6cad3700cf0f.png
150,OCR_data_small/2fbc7bc7-2ce0-4c93-9959-fe63d69d5ef5.txt,推測,OCR_data_small/2fbc7bc7-2ce0-4c93-9959-fe63d69d5ef5.png
151,OCR_data_small/ed57a182-e1ef-4801-bd36-1ab0850defc2.txt,七,OCR_data_small/ed57a182-e1ef-4801-bd36-1ab0850defc2.png
152,OCR_data_small/c1d1af21-37ee-4818-b9cf-7497055d2944.txt,折合併血胸及肺塌陷，,OCR_data_small/c1d1af21-37ee-4818-b9cf-7497055d2944.png
153,OCR_data_small/2c7f5e40-5f48-4860-8dfc-51dc5d1f93e1.txt,蟆想吃天鵝肉癩頭「東,OCR_data_small/2c7f5e40-5f48-4860-8dfc-51dc5d1f93e1.png
154,OCR_data_small/04f322d9-bcf5-4cc5-b48b-1eb67662c95f.txt,需束腰背架固定，宜休,OCR_data_small/04f322d9-bcf5-4cc5-b48b-1eb67662c95f.png
155,OCR_data_small/560436a4-8754-4f33-88cb-d2ae3b3dfece.txt,。覬覦希望凡張官置吏,OCR_data_small/560436a4-8754-4f33-88cb-d2ae3b3dfece.png
156,OCR_data_small/d805c3bd-16a2-4b20-9d76-70c9d9d958d9.txt,才」掄眉豎目那島上有,OCR_data_small/d805c3bd-16a2-4b20-9d76-70c9d9d958d9.png
157,OCR_data_small/2b9b0427-de9e-4552-9008-6cbb42a23f9f.txt,玉樓笑道：「你這個沒,OCR_data_small/2b9b0427-de9e-4552-9008-6cbb42a23f9f.png
158,OCR_data_small/3acbece9-04e8-470b-a1a0-2ac39dc15116.txt,貸款,OCR_data_small/3acbece9-04e8-470b-a1a0-2ac39dc15116.png
159,OCR_data_small/35d83c38-56bc-4752-9076-251033d7236c.txt,揭幕,OCR_data_small/35d83c38-56bc-4752-9076-251033d7236c.png
160,OCR_data_small/eea15ef5-8a1a-499e-a15f-15d1fca3e6cc.txt,名詞,OCR_data_small/eea15ef5-8a1a-499e-a15f-15d1fca3e6cc.png
161,OCR_data_small/8722b7c9-c3b5-4c9b-983e-1a5790df056d.txt,媛兮，若流風之靡草。,OCR_data_small/8722b7c9-c3b5-4c9b-983e-1a5790df056d.png
162,OCR_data_small/a131f324-8dca-47d0-95ff-233d818ae39a.txt,記周志東鰥居多年非物,OCR_data_small/a131f324-8dca-47d0-95ff-233d818ae39a.png
163,OCR_data_small/8cdf04ab-9fa5-45a7-b1a7-6df7aa2656dd.txt,水平,OCR_data_small/8cdf04ab-9fa5-45a7-b1a7-6df7aa2656dd.png
164,OCR_data_small/019cea90-d2a0-4acb-8065-0b37dbb09eee.txt,"見背,伶仃孤苦,憂傷",OCR_data_small/019cea90-d2a0-4acb-8065-0b37dbb09eee.png
165,OCR_data_small/b6a73442-6ae7-41c2-92c5-c07b458484d6.txt,見在登雲山臺峪裡聚眾,OCR_data_small/b6a73442-6ae7-41c2-92c5-c07b458484d6.png
166,OCR_data_small/30b9c298-31de-4782-8a86-35c7b405b428.txt,耳鼻喉科1.頭部外傷,OCR_data_small/30b9c298-31de-4782-8a86-35c7b405b428.png
167,OCR_data_small/87bb25a1-9c69-47f5-a6a6-031d199dbd08.txt,地震,OCR_data_small/87bb25a1-9c69-47f5-a6a6-031d199dbd08.png
168,OCR_data_small/e5c40b9c-02f3-4a54-9c1c-3d58357cf9be.txt,赤豹，五尾一角，其音,OCR_data_small/e5c40b9c-02f3-4a54-9c1c-3d58357cf9be.png
169,OCR_data_small/e7a8ddb3-41e4-4d08-9585-1fd052de18a9.txt,枕履至尊而制六合，執,OCR_data_small/e7a8ddb3-41e4-4d08-9585-1fd052de18a9.png
170,OCR_data_small/fff57e92-b430-4cb2-ab28-7c4d9538a26f.txt,。慇傷痛。慇，痛也。,OCR_data_small/fff57e92-b430-4cb2-ab28-7c4d9538a26f.png
171,OCR_data_small/681d968e-6845-4e6f-8aa8-a89c01312b58.txt,審議,OCR_data_small/681d968e-6845-4e6f-8aa8-a89c01312b58.png
172,OCR_data_small/ff7674fa-d2ee-4dec-b0bf-6aed9f81bf96.txt,入境,OCR_data_small/ff7674fa-d2ee-4dec-b0bf-6aed9f81bf96.png
173,OCR_data_small/83246753-d906-400f-98ac-fe8b11fe3fc4.txt,尖,OCR_data_small/83246753-d906-400f-98ac-fe8b11fe3fc4.png
174,OCR_data_small/aec9c06a-143c-4638-a0b4-6caf7c92eae8.txt,著名,OCR_data_small/aec9c06a-143c-4638-a0b4-6caf7c92eae8.png
175,OCR_data_small/7574e39f-0a02-44d8-bef9-5d2ad959f9a9.txt,毅力，不倔服騾馬驚慌,OCR_data_small/7574e39f-0a02-44d8-bef9-5d2ad959f9a9.png
176,OCR_data_small/97a6b83b-3a78-4e57-90cf-6fec0ec95106.txt,，未得豢龍氏。是以古,OCR_data_small/97a6b83b-3a78-4e57-90cf-6fec0ec95106.png
177,OCR_data_small/f5ce29f1-a32f-47ef-9563-9f0708032141.txt,但,OCR_data_small/f5ce29f1-a32f-47ef-9563-9f0708032141.png
178,OCR_data_small/85a677ba-4ff6-47a9-bdb1-a21f1a1b23b5.txt,性骨折，左髖鈍傷，右,OCR_data_small/85a677ba-4ff6-47a9-bdb1-a21f1a1b23b5.png
179,OCR_data_small/6b63103d-2246-4905-a5d2-d53a082c747f.txt,一對母女倆，脾氣都很,OCR_data_small/6b63103d-2246-4905-a5d2-d53a082c747f.png
180,OCR_data_small/89f8a643-8b8b-41b2-b9cb-64410c18f90e.txt,地蓄積寶藏，故稱為「,OCR_data_small/89f8a643-8b8b-41b2-b9cb-64410c18f90e.png
181,OCR_data_small/110dc6d0-bf62-4061-9bf0-0983cf727774.txt,除了神以外、誰能赦罪,OCR_data_small/110dc6d0-bf62-4061-9bf0-0983cf727774.png
182,OCR_data_small/64287a37-1879-46ae-8d71-b0d93b9db42c.txt,心情,OCR_data_small/64287a37-1879-46ae-8d71-b0d93b9db42c.png
183,OCR_data_small/e6bb7289-12e8-47e1-a456-b896516bbf47.txt,艦店中國評劇藝術館在,OCR_data_small/e6bb7289-12e8-47e1-a456-b896516bbf47.png
184,OCR_data_small/64b57762-d9ef-43bc-b3bd-07e34e6857c5.txt,9月20日門診。患者,OCR_data_small/64b57762-d9ef-43bc-b3bd-07e34e6857c5.png
185,OCR_data_small/e2b2e1fe-b234-40f2-89bb-8efcea8ea322.txt,屆,OCR_data_small/e2b2e1fe-b234-40f2-89bb-8efcea8ea322.png
186,OCR_data_small/3222d565-4370-433a-adbb-4daee8ef06d7.txt,娣 抱朴子曰：娥英任,OCR_data_small/3222d565-4370-433a-adbb-4daee8ef06d7.png
187,OCR_data_small/149537e1-a6a7-42f9-8f0a-568577ae837d.txt,02月22日、111,OCR_data_small/149537e1-a6a7-42f9-8f0a-568577ae837d.png
188,OCR_data_small/62317239-a4cc-40be-8d66-cf7af01925a0.txt,，在世界其他地區僅限,OCR_data_small/62317239-a4cc-40be-8d66-cf7af01925a0.png
189,OCR_data_small/714529ad-f1d0-4df2-98ad-ad78cde56a20.txt,損,OCR_data_small/714529ad-f1d0-4df2-98ad-ad78cde56a20.png
190,OCR_data_small/9cfa8976-5500-40c3-b87f-8bfd0b387085.txt,入境,OCR_data_small/9cfa8976-5500-40c3-b87f-8bfd0b387085.png
191,OCR_data_small/9b7feaca-72e6-42d9-831a-93aef657afdb.txt,我也是二胎寶寶演繹出,OCR_data_small/9b7feaca-72e6-42d9-831a-93aef657afdb.png
192,OCR_data_small/bf6dbf0f-4f54-49f5-81ed-e1903d7536cb.txt,也枯死了冰益壯，地始,OCR_data_small/bf6dbf0f-4f54-49f5-81ed-e1903d7536cb.png
193,OCR_data_small/a1aa4c17-530d-41f3-9d17-acee839cef09.txt,腫瘤醫學部肺惡性腫瘤,OCR_data_small/a1aa4c17-530d-41f3-9d17-acee839cef09.png
194,OCR_data_small/7487e3b9-76bb-447d-b206-c018e606c667.txt,童懷恨，夤夜將鐵鎖扭,OCR_data_small/7487e3b9-76bb-447d-b206-c018e606c667.png
195,OCR_data_small/77b22e69-4fd1-47bd-9d4c-4ee3c57eba8b.txt,報刊,OCR_data_small/77b22e69-4fd1-47bd-9d4c-4ee3c57eba8b.png
196,OCR_data_small/8f2d6877-a110-469d-a4f2-432027a1443f.txt,飲：古時稱石淙洞為“,OCR_data_small/8f2d6877-a110-469d-a4f2-432027a1443f.png
197,OCR_data_small/4a77bc08-79c7-4e2a-b6b8-054327d3b9ac.txt,寒郊晚眺》詩：“迅湍,OCR_data_small/4a77bc08-79c7-4e2a-b6b8-054327d3b9ac.png
198,OCR_data_small/ab0e4f3b-812b-40d6-ad7e-56f24d70383f.txt,泡,OCR_data_small/ab0e4f3b-812b-40d6-ad7e-56f24d70383f.png
199,OCR_data_small/070779f9-ba68-46b3-bc04-180e91e6f538.txt,的夜晚舉行。織袈裟比,OCR_data_small/070779f9-ba68-46b3-bc04-180e91e6f538.png
200,OCR_data_small/b2ecefe1-aca5-4c90-b4d5-787cdcf84841.txt,旎秦女吹簫怎樣搭公共,OCR_data_small/b2ecefe1-aca5-4c90-b4d5-787cdcf84841.png
201,OCR_data_small/b6fb088c-fede-4e1d-9787-d04acded9f72.txt,子、蔡侯次于屈貉。有,OCR_data_small/b6fb088c-fede-4e1d-9787-d04acded9f72.png
202,OCR_data_small/7a3e5bae-f4fd-4517-97d9-d75e697275df.txt,抨擊時弊抨按抨章抨癖,OCR_data_small/7a3e5bae-f4fd-4517-97d9-d75e697275df.png
203,OCR_data_small/f9fc9081-eaa0-428f-8b0e-512759e07fd1.txt,"被雹子打垮,還知道張",OCR_data_small/f9fc9081-eaa0-428f-8b0e-512759e07fd1.png
204,OCR_data_small/5460ec32-ae92-4c2c-906c-1350cb256a28.txt,懂得,OCR_data_small/5460ec32-ae92-4c2c-906c-1350cb256a28.png
205,OCR_data_small/6d062ab2-992a-4b7d-81b7-ac3b25f337db.txt,加鑄件的硬度。銻的百,OCR_data_small/6d062ab2-992a-4b7d-81b7-ac3b25f337db.png
206,OCR_data_small/f0effbba-8bc9-4a91-abd0-b3865a402ffe.txt,"拾殘興,劃湖遣悶,羞",OCR_data_small/f0effbba-8bc9-4a91-abd0-b3865a402ffe.png
207,OCR_data_small/df8ba2f6-2e1a-4b4c-a74d-c43ad4ad9ae4.txt,「雖有挈瓶之知，守不,OCR_data_small/df8ba2f6-2e1a-4b4c-a74d-c43ad4ad9ae4.png
208,OCR_data_small/05925c85-ea68-47a6-9cb8-4f0504a6a90e.txt,挑戰,OCR_data_small/05925c85-ea68-47a6-9cb8-4f0504a6a90e.png
209,OCR_data_small/7c0fe1aa-e06c-4d39-86b3-3bd1afd390b5.txt,急診治療，於111年,OCR_data_small/7c0fe1aa-e06c-4d39-86b3-3bd1afd390b5.png
210,OCR_data_small/897b1588-2a18-41fd-9af2-6d708a48a7f5.txt,個人專輯<偶然>外型,OCR_data_small/897b1588-2a18-41fd-9af2-6d708a48a7f5.png
211,OCR_data_small/4c2c5bd0-9aba-4547-942e-0ef30b826553.txt,"郭晶公主的親自邀請,",OCR_data_small/4c2c5bd0-9aba-4547-942e-0ef30b826553.png
212,OCR_data_small/85555b9d-e9f7-45b2-a1a9-1cf8bf7a404e.txt,、11/18、202,OCR_data_small/85555b9d-e9f7-45b2-a1a9-1cf8bf7a404e.png
213,OCR_data_small/fc6aae5d-912c-4fe2-b48b-0028c64afed0.txt,極，功在不舍。駙，古,OCR_data_small/fc6aae5d-912c-4fe2-b48b-0028c64afed0.png
214,OCR_data_small/395207c7-b450-42e2-97c5-5e9089c392b4.txt,。只有當累了、想換個,OCR_data_small/395207c7-b450-42e2-97c5-5e9089c392b4.png
215,OCR_data_small/9771ccde-f675-4455-bc28-18cae97bf32e.txt,於其所愛焉者，則必有,OCR_data_small/9771ccde-f675-4455-bc28-18cae97bf32e.png
216,OCR_data_small/80b8ef7a-1f32-4cdb-9170-f3a77e86db46.txt,學院附設醫院,OCR_data_small/80b8ef7a-1f32-4cdb-9170-f3a77e86db46.png
217,OCR_data_small/f583415f-ea94-448e-b476-3fe827d7cc5c.txt,，久久都不敢吭聲。搗,OCR_data_small/f583415f-ea94-448e-b476-3fe827d7cc5c.png
218,OCR_data_small/02628a58-91ce-4519-806d-ac4a23b8acef.txt,，其名日「颶颶」者，,OCR_data_small/02628a58-91ce-4519-806d-ac4a23b8acef.png
219,OCR_data_small/74123515-b597-463c-a337-df9f99cbc440.txt,門診就醫。出院後宜繼,OCR_data_small/74123515-b597-463c-a337-df9f99cbc440.png
220,OCR_data_small/049dca08-6929-42fa-9801-19f8692461d1.txt,性金屬元素，後來在自,OCR_data_small/049dca08-6929-42fa-9801-19f8692461d1.png
221,OCR_data_small/8ff6dff0-594e-4664-95bf-650cc89d88c3.txt,(以下空白)病患因上,OCR_data_small/8ff6dff0-594e-4664-95bf-650cc89d88c3.png
222,OCR_data_small/d24a5c71-04c0-4eb5-bd85-502d9b5e55c4.txt,0月07日行達文西手,OCR_data_small/d24a5c71-04c0-4eb5-bd85-502d9b5e55c4.png
223,OCR_data_small/a86eb3f0-7cb7-4fa1-9add-cb47d8ba8296.txt,新穎,OCR_data_small/a86eb3f0-7cb7-4fa1-9add-cb47d8ba8296.png
224,OCR_data_small/65fad8d9-a254-4ae6-b249-aaa9e2aface2.txt,讚美,OCR_data_small/65fad8d9-a254-4ae6-b249-aaa9e2aface2.png
225,OCR_data_small/12d18179-872f-43be-b9d3-b7505b9f6bb0.txt,。此丈夫而巾幗者，何,OCR_data_small/12d18179-872f-43be-b9d3-b7505b9f6bb0.png
226,OCR_data_small/11fa6d8e-d285-4900-a08e-595dc0b3e18a.txt,聞，益矣；友便辟，友,OCR_data_small/11fa6d8e-d285-4900-a08e-595dc0b3e18a.png
227,OCR_data_small/d8e87614-db9f-42c3-b18e-f504f44f10b1.txt,心里在這席上得到了饜,OCR_data_small/d8e87614-db9f-42c3-b18e-f504f44f10b1.png
228,OCR_data_small/2ff8bb9f-1011-4395-a6c0-2696810d8e3a.txt,法相視而笑、佯作不知,OCR_data_small/2ff8bb9f-1011-4395-a6c0-2696810d8e3a.png
229,OCR_data_small/546d0e79-795d-4c71-b667-e72b1156d89b.txt,9月17日、110年,OCR_data_small/546d0e79-795d-4c71-b667-e72b1156d89b.png
230,OCR_data_small/0bed7599-3dfb-475d-a9be-6007d8c9ddd0.txt,5G天線供應商譁裕苟,OCR_data_small/0bed7599-3dfb-475d-a9be-6007d8c9ddd0.png
231,OCR_data_small/1a30fdfb-304e-46a4-ba35-33ba770fc9e3.txt,日出院.共住院4天.,OCR_data_small/1a30fdfb-304e-46a4-ba35-33ba770fc9e3.png
232,OCR_data_small/46444706-bcc0-4ec7-96a2-d0768e39546c.txt,、11/26、12/,OCR_data_small/46444706-bcc0-4ec7-96a2-d0768e39546c.png
233,OCR_data_small/4bed944a-5c11-4d72-8151-f2bf4063179d.txt,玻璃(˙ㄌㄧ),OCR_data_small/4bed944a-5c11-4d72-8151-f2bf4063179d.png
234,OCR_data_small/99b2681e-6c3c-4c93-b1fc-92a8a16502e6.txt,去,OCR_data_small/99b2681e-6c3c-4c93-b1fc-92a8a16502e6.png
235,OCR_data_small/f2ee698a-e1a5-45cf-8daa-0fc0aee0db20.txt,種。按自動繅絲機的感,OCR_data_small/f2ee698a-e1a5-45cf-8daa-0fc0aee0db20.png
236,OCR_data_small/c9aae7f7-2735-40ac-b1a8-476bbe61275e.txt,。也稱為「帘子布」。,OCR_data_small/c9aae7f7-2735-40ac-b1a8-476bbe61275e.png
237,OCR_data_small/b55b9d20-66d7-49d6-b250-6b3ac06a3566.txt,，帶著木耐，在各處犒,OCR_data_small/b55b9d20-66d7-49d6-b250-6b3ac06a3566.png
238,OCR_data_small/5e6fe448-e0d0-40ed-b5fc-4a6e56f2ad27.txt,子裡去打鞦韆，蹬個十,OCR_data_small/5e6fe448-e0d0-40ed-b5fc-4a6e56f2ad27.png
239,OCR_data_small/7c579373-1c98-4421-b022-6484735bfedd.txt,試如果再不進步，我就,OCR_data_small/7c579373-1c98-4421-b022-6484735bfedd.png
240,OCR_data_small/3d18307e-eab6-4e75-9681-63b0ecef2714.txt,黃花，有?螞蜢舟也載,OCR_data_small/3d18307e-eab6-4e75-9681-63b0ecef2714.png
241,OCR_data_small/a61514e2-0e9d-47c7-94fe-4345873f499d.txt,",心裡難忍急躁地更加",OCR_data_small/a61514e2-0e9d-47c7-94fe-4345873f499d.png
242,OCR_data_small/5b068f62-aefd-47e8-9c7d-2883d8c0bf3c.txt,人會用「面目猙獰」這,OCR_data_small/5b068f62-aefd-47e8-9c7d-2883d8c0bf3c.png
243,OCR_data_small/97f72e01-9c45-4d40-a295-ce949db2696d.txt,，種類頗多，主要有圓,OCR_data_small/97f72e01-9c45-4d40-a295-ce949db2696d.png
244,OCR_data_small/ca1238f9-6a5d-4e9a-96e4-9a1c64c3ac56.txt,他們極少接受大自然的,OCR_data_small/ca1238f9-6a5d-4e9a-96e4-9a1c64c3ac56.png
245,OCR_data_small/8b43f535-ae5f-4e5c-be93-d2ec659f1dc5.txt,消除隔閡，相互依賴理,OCR_data_small/8b43f535-ae5f-4e5c-be93-d2ec659f1dc5.png
246,OCR_data_small/e3cb6893-d590-4a5e-9b4d-9c122596b845.txt,白病人於111年09,OCR_data_small/e3cb6893-d590-4a5e-9b4d-9c122596b845.png
247,OCR_data_small/a3a804ed-edc5-4304-85c1-80397aaee480.txt,放射線治療，並於11,OCR_data_small/a3a804ed-edc5-4304-85c1-80397aaee480.png
248,OCR_data_small/5a4d2a8d-e472-4817-aaec-9f2d17cc6771.txt,50年代末，林泱泱等,OCR_data_small/5a4d2a8d-e472-4817-aaec-9f2d17cc6771.png
249,OCR_data_small/b23d3386-c24f-421f-b0ae-2284c11a272f.txt,n”結婚，一年半後離,OCR_data_small/b23d3386-c24f-421f-b0ae-2284c11a272f.png
250,OCR_data_small/0de85056-e94a-4deb-8429-85d2e2080536.txt,m 寬約1.3 cm,OCR_data_small/0de85056-e94a-4deb-8429-85d2e2080536.png
251,OCR_data_small/e53948f5-3d7c-401d-ba83-baa094e49fa6.txt,日至本院進行右大腿柔,OCR_data_small/e53948f5-3d7c-401d-ba83-baa094e49fa6.png
252,OCR_data_small/1182edcb-98ee-4590-baaf-cf67a0ba160f.txt,枚乘說瘉疾治瘉地瘠人,OCR_data_small/1182edcb-98ee-4590-baaf-cf67a0ba160f.png
253,OCR_data_small/99aba369-7778-48ec-8a22-46c3e11074bb.txt,社稷。」亦引申出身於,OCR_data_small/99aba369-7778-48ec-8a22-46c3e11074bb.png
254,OCR_data_small/5cc9bfa4-d81a-41c5-bc6c-1458b25ddc98.txt,療。以下空白--國立,OCR_data_small/5cc9bfa4-d81a-41c5-bc6c-1458b25ddc98.png
255,OCR_data_small/b7039af4-9c14-4e00-8c15-41f4793cf2aa.txt,衡，以齊七政。」不圓,OCR_data_small/b7039af4-9c14-4e00-8c15-41f4793cf2aa.png
256,OCR_data_small/aac7e6e3-6877-4121-b5c1-6961b090ce25.txt,文物,OCR_data_small/aac7e6e3-6877-4121-b5c1-6961b090ce25.png
257,OCR_data_small/97f3aad8-6020-43c8-a129-f76e7eabcc7e.txt,之闕，而夏肄是屏考過,OCR_data_small/97f3aad8-6020-43c8-a129-f76e7eabcc7e.png
258,OCR_data_small/a6344525-2780-45ce-9473-4da5e9053460.txt,潮蟲和蝴蝶。孿生國王,OCR_data_small/a6344525-2780-45ce-9473-4da5e9053460.png
259,OCR_data_small/dd1de4ef-f104-488b-a929-23f43db4841c.txt,麗於天，風生乎地，而,OCR_data_small/dd1de4ef-f104-488b-a929-23f43db4841c.png
260,OCR_data_small/303c7f0c-6b00-418e-b4e8-23066268f293.txt,大型,OCR_data_small/303c7f0c-6b00-418e-b4e8-23066268f293.png
261,OCR_data_small/2552230d-4f04-46bd-acff-4efc174a7d1c.txt,肢有三個利爪，身子比,OCR_data_small/2552230d-4f04-46bd-acff-4efc174a7d1c.png
262,OCR_data_small/a0837c03-8b6b-454f-a6b4-6c7a9685c4dd.txt,111年3月28日至,OCR_data_small/a0837c03-8b6b-454f-a6b4-6c7a9685c4dd.png
263,OCR_data_small/06f6e7d4-076e-40c8-b4ca-f9cb866ca093.txt,庚醫療財團法人基隆長,OCR_data_small/06f6e7d4-076e-40c8-b4ca-f9cb866ca093.png
264,OCR_data_small/06c3d140-f6d2-47dd-afa3-8b2d1cb501ff.txt,止血植物的莖失去支持,OCR_data_small/06c3d140-f6d2-47dd-afa3-8b2d1cb501ff.png
265,OCR_data_small/26b802c7-dfb5-4232-8ac2-8e6eb6b8f02a.txt,哄,OCR_data_small/26b802c7-dfb5-4232-8ac2-8e6eb6b8f02a.png
266,OCR_data_small/125f7d7d-9ffd-466a-9852-07d8b0b0cd94.txt,旁或柱子上的對聯。字,OCR_data_small/125f7d7d-9ffd-466a-9852-07d8b0b0cd94.png
267,OCR_data_small/61ea5122-580f-4bc5-8a09-ad1fd0c4d390.txt,所在,OCR_data_small/61ea5122-580f-4bc5-8a09-ad1fd0c4d390.png
268,OCR_data_small/f313412a-72fc-425a-90c9-753c6d1c4722.txt,橇犬橇形如箕橇形握筆,OCR_data_small/f313412a-72fc-425a-90c9-753c6d1c4722.png
269,OCR_data_small/50c4d8d9-de57-4a4d-87ff-2ad0e6097f16.txt,毒,OCR_data_small/50c4d8d9-de57-4a4d-87ff-2ad0e6097f16.png
270,OCR_data_small/e3e1d0cd-2eb9-4a1f-ac49-bdedcecbf83e.txt,土螻這種動物就生活在,OCR_data_small/e3e1d0cd-2eb9-4a1f-ac49-bdedcecbf83e.png
271,OCR_data_small/f99eef59-dd63-4294-af19-1e9412258a26.txt,「醒盹兒」《董西廂·,OCR_data_small/f99eef59-dd63-4294-af19-1e9412258a26.png
272,OCR_data_small/baf4f144-d9a8-48d7-9d4b-21558b5b1003.txt,愁引著江南岸。油棹櫓,OCR_data_small/baf4f144-d9a8-48d7-9d4b-21558b5b1003.png
273,OCR_data_small/c0c6c939-91fe-44b6-bec1-6aba54c7f3c5.txt,脈心臟病經支架術後8,OCR_data_small/c0c6c939-91fe-44b6-bec1-6aba54c7f3c5.png
274,OCR_data_small/e6da96ed-21ce-4797-ad13-bb1cc6c564ff.txt,高速,OCR_data_small/e6da96ed-21ce-4797-ad13-bb1cc6c564ff.png
275,OCR_data_small/21ee5170-550c-479e-9437-643793f87340.txt,有限公司兩瞽相扶有瞽,OCR_data_small/21ee5170-550c-479e-9437-643793f87340.png
276,OCR_data_small/d079cbef-3e3f-4ce1-bfcb-e1100f566e57.txt,。」楹聯寧廉潔正直以,OCR_data_small/d079cbef-3e3f-4ce1-bfcb-e1100f566e57.png
277,OCR_data_small/47047b32-21fe-4069-a5a4-afc7af151600.txt,利潤,OCR_data_small/47047b32-21fe-4069-a5a4-afc7af151600.png
278,OCR_data_small/e2ed27d8-42f1-485d-a934-15327fbfb3ee.txt,不忘遠。絕于邇言雖則,OCR_data_small/e2ed27d8-42f1-485d-a934-15327fbfb3ee.png
279,OCR_data_small/588a0063-d7ac-4d20-8cd6-1f1d2dcff9b1.txt,尺縑縑箱縑彩寸蹄尺縑,OCR_data_small/588a0063-d7ac-4d20-8cd6-1f1d2dcff9b1.png
280,OCR_data_small/ea4dead9-50f9-4cde-a3fa-ffc35adfffb3.txt,冠和袈裟飾金箔舞二人,OCR_data_small/ea4dead9-50f9-4cde-a3fa-ffc35adfffb3.png
281,OCR_data_small/ab58f57e-2279-4859-8097-b0f64df49bc2.txt, 2006），臺灣紀,OCR_data_small/ab58f57e-2279-4859-8097-b0f64df49bc2.png
282,OCR_data_small/64a6fd55-a46a-47c5-9863-fae1c05fa1b8.txt,混飩信號的非周期，連,OCR_data_small/64a6fd55-a46a-47c5-9863-fae1c05fa1b8.png
283,OCR_data_small/ca776688-8db3-4035-89e1-787afef9abb8.txt,市北關紅祆軍是指中國,OCR_data_small/ca776688-8db3-4035-89e1-787afef9abb8.png
284,OCR_data_small/cf44fd69-a8da-4cc9-b084-2fec976b3d01.txt,，居堊室，白堊紀距今,OCR_data_small/cf44fd69-a8da-4cc9-b084-2fec976b3d01.png
285,OCR_data_small/8dae873a-0f61-4822-8924-311b8c654043.txt,、10/13，至本院,OCR_data_small/8dae873a-0f61-4822-8924-311b8c654043.png
286,OCR_data_small/34f7ed89-9198-46d8-aaae-56811b0814d9.txt,劑武運粳80（武進）,OCR_data_small/34f7ed89-9198-46d8-aaae-56811b0814d9.png
287,OCR_data_small/648947f1-bd77-4c12-bc6e-0bd6d7cd4137.txt,加護病房觀察，民國1,OCR_data_small/648947f1-bd77-4c12-bc6e-0bd6d7cd4137.png
288,OCR_data_small/0260137c-79b5-4243-8988-361397d11958.txt,記憶中的你是多麼的能,OCR_data_small/0260137c-79b5-4243-8988-361397d11958.png
289,OCR_data_small/7723cbfb-7f05-4483-a095-e33f6a14f2d7.txt,述原因，於民國111,OCR_data_small/7723cbfb-7f05-4483-a095-e33f6a14f2d7.png
290,OCR_data_small/ce4d7943-9698-435e-8185-8bb960928544.txt,於民國111年07月,OCR_data_small/ce4d7943-9698-435e-8185-8bb960928544.png
291,OCR_data_small/89954d40-a6dd-4d08-9b75-f23d93c76764.txt,簽證,OCR_data_small/89954d40-a6dd-4d08-9b75-f23d93c76764.png
292,OCR_data_small/872d37fc-98bd-4693-b297-fd0f065605e9.txt,贛水又與鄱水合，水出,OCR_data_small/872d37fc-98bd-4693-b297-fd0f065605e9.png
293,OCR_data_small/41de4e96-cece-430d-806a-27a1c2a15c5b.txt,人首飾。」幗古代婦女,OCR_data_small/41de4e96-cece-430d-806a-27a1c2a15c5b.png
294,OCR_data_small/98234dad-ed22-4b4a-8af2-cb1963c5f2b8.txt,採光,OCR_data_small/98234dad-ed22-4b4a-8af2-cb1963c5f2b8.png
295,OCR_data_small/b35f9f18-e9b4-441e-a4d6-bd6c9db36fc3.txt,聽之，若遊鴛翔鶴，嘹,OCR_data_small/b35f9f18-e9b4-441e-a4d6-bd6c9db36fc3.png
296,OCR_data_small/6ebbd01b-1148-4716-9877-02872e797f92.txt,。拓跋紇那小紕漏紕漏,OCR_data_small/6ebbd01b-1148-4716-9877-02872e797f92.png
297,OCR_data_small/a9a8e304-7a7c-44f2-8f76-95d78ef48905.txt,16日入院治療，因病,OCR_data_small/a9a8e304-7a7c-44f2-8f76-95d78ef48905.png
298,OCR_data_small/f091dcec-1d72-4c9e-b4b7-bb66f68457d8.txt,sonry brid,OCR_data_small/f091dcec-1d72-4c9e-b4b7-bb66f68457d8.png
299,OCR_data_small/5c8f5893-04a4-4080-ab9e-a2cc465fa24a.txt,戀窪百合麥窪團泊窪“,OCR_data_small/5c8f5893-04a4-4080-ab9e-a2cc465fa24a.png
300,OCR_data_small/9a072a25-dd88-44bd-859f-d1785e3aa248.txt,病患因上述診斷，於2,OCR_data_small/9a072a25-dd88-44bd-859f-d1785e3aa248.png
301,OCR_data_small/d271f604-67f5-40a3-97cd-3c08fd6c000e.txt,擬定,OCR_data_small/d271f604-67f5-40a3-97cd-3c08fd6c000e.png
302,OCR_data_small/9fcc3988-71b6-4bd5-acec-e2a5e89ba6ba.txt,片紙存。蚪子蚪目夜蛾,OCR_data_small/9fcc3988-71b6-4bd5-acec-e2a5e89ba6ba.png
303,OCR_data_small/a3791990-7609-476a-8116-a867dff230fd.txt,"院,引產,於111年",OCR_data_small/a3791990-7609-476a-8116-a867dff230fd.png
304,OCR_data_small/f0c21840-761a-427a-9911-9775acc2f215.txt,叫老爺回籍粉面硃脣脣,OCR_data_small/f0c21840-761a-427a-9911-9775acc2f215.png
305,OCR_data_small/0369dc8d-2a78-4a4e-926c-005e01e47608.txt,療.(以下空白)中國,OCR_data_small/0369dc8d-2a78-4a4e-926c-005e01e47608.png
306,OCR_data_small/a5570f58-9c78-4d1b-bb63-20fc88d3584d.txt,餉；後也泛指發放或領,OCR_data_small/a5570f58-9c78-4d1b-bb63-20fc88d3584d.png
307,OCR_data_small/020d9fa3-e996-4069-a1bb-6d2607417c30.txt,是黃帝在下界的都邑，,OCR_data_small/020d9fa3-e996-4069-a1bb-6d2607417c30.png
308,OCR_data_small/fa6be36d-ab41-4475-bc93-82255c313745.txt,其利”妄覬之心衛覬（,OCR_data_small/fa6be36d-ab41-4475-bc93-82255c313745.png
309,OCR_data_small/5b52e418-def4-40ea-a4d9-a05d1f262dbd.txt,農業,OCR_data_small/5b52e418-def4-40ea-a4d9-a05d1f262dbd.png
310,OCR_data_small/64fecc35-d6b7-4f6a-bb97-eda56262d6c4.txt,庭墀庭階。玉墀宮殿前,OCR_data_small/64fecc35-d6b7-4f6a-bb97-eda56262d6c4.png
311,OCR_data_small/465a8393-189c-41bc-87c5-d3e31b8f177c.txt,鄒與魯鬨，穆公問曰：,OCR_data_small/465a8393-189c-41bc-87c5-d3e31b8f177c.png
312,OCR_data_small/3a499d48-1da0-4786-a2da-44b4bab726c3.txt,。鰲駕三山蜃結樓。 ,OCR_data_small/3a499d48-1da0-4786-a2da-44b4bab726c3.png
313,OCR_data_small/4272196c-8f67-4ae8-89f5-0c1a3acc7e37.txt,不齒。你瞧他那副倨傲,OCR_data_small/4272196c-8f67-4ae8-89f5-0c1a3acc7e37.png
314,OCR_data_small/4b4de877-1138-4b39-92bf-1d4ddff1eaaa.txt,明微微也，昏夜得之，,OCR_data_small/4b4de877-1138-4b39-92bf-1d4ddff1eaaa.png
315,OCR_data_small/8bd1dda0-0f3d-4c8f-afde-7390e3014eb6.txt,安靜，匍匐前進。壽陵,OCR_data_small/8bd1dda0-0f3d-4c8f-afde-7390e3014eb6.png
316,OCR_data_small/e08616f5-ab6e-485b-8242-ebb126460b07.txt,年08月26日出院，,OCR_data_small/e08616f5-ab6e-485b-8242-ebb126460b07.png
317,OCR_data_small/0d27001c-53a7-4add-ad3f-0c86a335c31c.txt,瀟灑而詼諧的態度。他,OCR_data_small/0d27001c-53a7-4add-ad3f-0c86a335c31c.png
318,OCR_data_small/8711faa6-40d2-47c6-a16f-d6cf90859f9e.txt,內地,OCR_data_small/8711faa6-40d2-47c6-a16f-d6cf90859f9e.png
319,OCR_data_small/30897a50-c6dd-4b65-bb82-fc09108122bf.txt,臺中榮民總醫院,OCR_data_small/30897a50-c6dd-4b65-bb82-fc09108122bf.png
